drop database if exists park;
create database park;
use park;

-- 管理员表
create table if not exists `admin_info`
(
    `id` bigint not null auto_increment comment '主键' primary key,
    `username` varchar(20) not null comment '用户名',
    `password` varchar(100) not null comment '密码'
) comment '管理员表';

insert into `admin_info` (`id`, `username`, `password`) values (10000, 'admin', 'admin');
insert into `admin_info` (`id`, `username`, `password`) values (10001, 'adminb', 'adminb');


-- 用户表
create table if not exists `user_info`
(
    `id` bigint not null auto_increment comment '主键' primary key,
    `username` varchar(20) not null comment '用户名',
    `password` varchar(100) not null comment '密码',
    `phone` varchar(20) not null comment '手机号'

) comment '用户表';

insert into `user_info` (`id`, `username`, `password`, `phone`) values (18000, 'bigbigcar', '12345678', '18620703096');
insert into `user_info` (`id`, `username`, `password`, `phone`) values (18001, 'NL', '1643795887256', '17834853668');
insert into `user_info` (`id`, `username`, `password`, `phone`) values (18002, 'ZuO', '1669944870182', '17831968298');
insert into `user_info` (`id`, `username`, `password`, `phone`) values (18003, 'ccym', '1652204280536', '17219270743');
insert into `user_info` (`id`, `username`, `password`, `phone`) values (18004, 'cCQ4', '1646917513809', '17079451060');
insert into `user_info` (`id`, `username`, `password`, `phone`) values (18005, 'Hrqxf', '1672444082427', '15380368803');
insert into `user_info` (`id`, `username`, `password`, `phone`) values (18006, 'lsdo', '1647889664725', '17539759534');
insert into `user_info` (`id`, `username`, `password`, `phone`) values (18007, 'qt', '1663201215496', '14705659759');
insert into `user_info` (`id`, `username`, `password`, `phone`) values (18008, 'OcG', '1662829198832', '15222346818');
insert into `user_info` (`id`, `username`, `password`, `phone`) values (18009, '5N', '1670322895740', '17610302733');
insert into `user_info` (`id`, `username`, `password`, `phone`) values (18010, 'jt', '1642321515278', '15599345710');
insert into `user_info` (`id`, `username`, `password`, `phone`) values (18011, 'PT3C', '1666275753033', '13111350495');
insert into `user_info` (`id`, `username`, `password`, `phone`) values (18012, 'rRLC', '1666182514283', '17774656765');
insert into `user_info` (`id`, `username`, `password`, `phone`) values (18013, '4Uo', '1651653305377', '15932782816');
insert into `user_info` (`id`, `username`, `password`, `phone`) values (18014, 'HT', '1661359785980', '15197574779');
insert into `user_info` (`id`, `username`, `password`, `phone`) values (18015, 'bZ10X', '1661630208243', '17028677771');
insert into `user_info` (`id`, `username`, `password`, `phone`) values (18016, 'KG', '1650244625551', '17714796844');
insert into `user_info` (`id`, `username`, `password`, `phone`) values (18017, 'W8N', '1658668210357', '15102224273');
insert into `user_info` (`id`, `username`, `password`, `phone`) values (18018, '29V0M', '1654199159088', '17042869770');
insert into `user_info` (`id`, `username`, `password`, `phone`) values (18019, 'Hhh', '1649356279140', '15973594360');



-- 车牌表
create table if not exists `car_plate_info`
(
    `id` bigint not null comment '主键' primary key,
    -- 外键
    `user_id` bigint not null comment '用户id',
    `car_plate` varchar(20) not null comment '车牌号',
    FOREIGN KEY (user_id) REFERENCES user_info (id)
) comment '车牌表';

insert into `car_plate_info` (`id`, `car_plate`, `user_id`) values (12000, '粤B114514', 18000);
insert into `car_plate_info` (`id`, `car_plate`, `user_id`) values (12001, '粤B114515', 18000);


-- 收费标准表
create table if not exists `pay_info`
(
    `id` bigint not null comment '主键' primary key,
    `parking_time` int not null comment '停放时间',
    `cost` int not null comment '费用'
) comment '收费标准表';

-- 如果停放时间不超过 1 个小时，则不收取费用
insert into `pay_info` (`id`, `parking_time`,`cost`) values (13000, 1, 0);
-- 如果停放时间超过 1 个小时但不超过 2 个小时，则收取 5 元
insert into `pay_info` (`id`, `parking_time`,`cost`) values (13001, 2, 5);
-- 如果停放时间超过 2 个小时但不超过 6 个小时，则收取 10 元
insert into `pay_info` (`id`, `parking_time`,`cost`) values (13002, 4, 10);
-- 如果停放时间超过 6 个小时，则收取 20 元
insert into `pay_info` (`id`, `parking_time`,`cost`) values (13003, 6, 20);



-- 车位信息表
create table if not exists `parking_info`
(
    `id` bigint not null comment '车位编号' primary key,
    `car_plate` varchar(50) null comment '车牌号',
    `position` varchar(256) not null comment '车位位置',
    `status` tinyint default 0 not null comment '车位状态,0-空闲,1-占用'
) comment '车位信息表';

insert into `parking_info` (`id`, `position`, `status`) values (14000, '东门保安亭旁边1', 0);
insert into `parking_info` (`id`, `position`, `status`) values (14001, '东门保安亭旁边2', 0);
insert into `parking_info` (`id`, `position`, `status`) values (14002, '东门保安亭旁边3', 0);
insert into `parking_info` (`id`, `position`, `status`) values (14003, '东门保安亭旁边4', 0);
insert into `parking_info` (`id`, `position`, `status`) values (14004, '东门保安亭旁边5', 0);
insert into `parking_info` (`id`, `position`, `status`) values (14005, '东门保安亭旁边6', 0);
insert into `parking_info` (`id`, `position`, `status`) values (14006, '东门保安亭旁边7', 0);
insert into `parking_info` (`id`, `position`, `status`) values (14007, '东门保安亭旁边8', 0);
insert into `parking_info` (`id`, `position`, `status`) values (14008, '东门保安亭旁边9', 0);
insert into `parking_info` (`id`, `position`, `status`) values (14009, '东门保安亭旁边10', 0);
insert into `parking_info` (`id`, `position`, `status`) values (14010, '东门保安亭旁边11', 0);
insert into `parking_info` (`id`, `position`, `status`) values (14011, '东门保安亭旁边12', 0);
insert into `parking_info` (`id`, `position`, `status`) values (14012, '东门保安亭旁边13', 0);
insert into `parking_info` (`id`, `position`, `status`) values (14013, '东门保安亭旁边14', 0);
insert into `parking_info` (`id`, `position`, `status`) values (14014, '东门保安亭旁边15', 0);
insert into `parking_info` (`id`, `position`, `status`) values (14015, '东门保安亭旁边16', 0);
insert into `parking_info` (`id`, `position`, `status`) values (14016, '东门保安亭旁边17', 0);
insert into `parking_info` (`id`, `position`, `status`) values (14017, '东门保安亭旁边18', 0);
insert into `parking_info` (`id`, `position`, `status`) values (14018, '东门保安亭旁边19', 0);
insert into `parking_info` (`id`, `position`, `status`) values (14019, '东门保安亭旁边20', 0);


-- 停车记录表
create table if not exists `parking_record_info`
(
    `id` bigint not null comment '主键' primary key,
    `pay` int not null comment '缴费金额',
    `positions` varchar(100) not null comment '车位位置',
    `parking_time` timestamp not null comment '入库时间',
    `leave_time` timestamp not null comment '出库时间',
    `car_plate` varchar(50) not null comment '车牌号',
    `parking_id` bigint not null comment '车位编号',
    `pay_time` timestamp not null comment '缴费时间'
) comment '停车记录表';

insert into `parking_record_info` (`id`, `pay`, `positions`, `parking_time`, `leave_time`, `car_plate`, `parking_id`, `pay_time`) values (15000, 5, '东门保安亭旁边1', '2024-04-25 09:14:07', '2024-04-25 10:18:25', '粤B114514', 14000, '2024-04-25 10:18:20');


DROP TABLE IF EXISTS QRTZ_FIRED_TRIGGERS;
DROP TABLE IF EXISTS QRTZ_PAUSED_TRIGGER_GRPS;
DROP TABLE IF EXISTS QRTZ_SCHEDULER_STATE;
DROP TABLE IF EXISTS QRTZ_LOCKS;
DROP TABLE IF EXISTS QRTZ_SIMPLE_TRIGGERS;
DROP TABLE IF EXISTS QRTZ_SIMPROP_TRIGGERS;
DROP TABLE IF EXISTS QRTZ_CRON_TRIGGERS;
DROP TABLE IF EXISTS QRTZ_BLOB_TRIGGERS;
DROP TABLE IF EXISTS QRTZ_TRIGGERS;
DROP TABLE IF EXISTS QRTZ_JOB_DETAILS;
DROP TABLE IF EXISTS QRTZ_CALENDARS;

-- ----------------------------
-- 1、存储每一个已配置的 jobDetail 的详细信息
-- ----------------------------
create table QRTZ_JOB_DETAILS (
                                  sched_name           varchar(120)    not null            comment '调度名称',
                                  job_name             varchar(200)    not null            comment '任务名称',
                                  job_group            varchar(200)    not null            comment '任务组名',
                                  description          varchar(250)    null                comment '相关介绍',
                                  job_class_name       varchar(250)    not null            comment '执行任务类名称',
                                  is_durable           varchar(1)      not null            comment '是否持久化',
                                  is_nonconcurrent     varchar(1)      not null            comment '是否并发',
                                  is_update_data       varchar(1)      not null            comment '是否更新数据',
                                  requests_recovery    varchar(1)      not null            comment '是否接受恢复执行',
                                  job_data             blob            null                comment '存放持久化job对象',
                                  primary key (sched_name, job_name, job_group)
) engine=innodb comment = '任务详细信息表';

-- ----------------------------
-- 2、 存储已配置的 Trigger 的信息
-- ----------------------------
create table QRTZ_TRIGGERS (
                               sched_name           varchar(120)    not null            comment '调度名称',
                               trigger_name         varchar(200)    not null            comment '触发器的名字',
                               trigger_group        varchar(200)    not null            comment '触发器所属组的名字',
                               job_name             varchar(200)    not null            comment 'qrtz_job_details表job_name的外键',
                               job_group            varchar(200)    not null            comment 'qrtz_job_details表job_group的外键',
                               description          varchar(250)    null                comment '相关介绍',
                               next_fire_time       bigint(13)      null                comment '上一次触发时间（毫秒）',
                               prev_fire_time       bigint(13)      null                comment '下一次触发时间（默认为-1表示不触发）',
                               priority             integer         null                comment '优先级',
                               trigger_state        varchar(16)     not null            comment '触发器状态',
                               trigger_type         varchar(8)      not null            comment '触发器的类型',
                               start_time           bigint(13)      not null            comment '开始时间',
                               end_time             bigint(13)      null                comment '结束时间',
                               calendar_name        varchar(200)    null                comment '日程表名称',
                               misfire_instr        smallint(2)     null                comment '补偿执行的策略',
                               job_data             blob            null                comment '存放持久化job对象',
                               primary key (sched_name, trigger_name, trigger_group),
                               foreign key (sched_name, job_name, job_group) references QRTZ_JOB_DETAILS(sched_name, job_name, job_group)
) engine=innodb comment = '触发器详细信息表';

-- ----------------------------
-- 3、 存储简单的 Trigger，包括重复次数，间隔，以及已触发的次数
-- ----------------------------
create table QRTZ_SIMPLE_TRIGGERS (
                                      sched_name           varchar(120)    not null            comment '调度名称',
                                      trigger_name         varchar(200)    not null            comment 'qrtz_triggers表trigger_name的外键',
                                      trigger_group        varchar(200)    not null            comment 'qrtz_triggers表trigger_group的外键',
                                      repeat_count         bigint(7)       not null            comment '重复的次数统计',
                                      repeat_interval      bigint(12)      not null            comment '重复的间隔时间',
                                      times_triggered      bigint(10)      not null            comment '已经触发的次数',
                                      primary key (sched_name, trigger_name, trigger_group),
                                      foreign key (sched_name, trigger_name, trigger_group) references QRTZ_TRIGGERS(sched_name, trigger_name, trigger_group)
) engine=innodb comment = '简单触发器的信息表';

-- ----------------------------
-- 4、 存储 Cron Trigger，包括 Cron 表达式和时区信息
-- ----------------------------
create table QRTZ_CRON_TRIGGERS (
                                    sched_name           varchar(120)    not null            comment '调度名称',
                                    trigger_name         varchar(200)    not null            comment 'qrtz_triggers表trigger_name的外键',
                                    trigger_group        varchar(200)    not null            comment 'qrtz_triggers表trigger_group的外键',
                                    cron_expression      varchar(200)    not null            comment 'cron表达式',
                                    time_zone_id         varchar(80)                         comment '时区',
                                    primary key (sched_name, trigger_name, trigger_group),
                                    foreign key (sched_name, trigger_name, trigger_group) references QRTZ_TRIGGERS(sched_name, trigger_name, trigger_group)
) engine=innodb comment = 'Cron类型的触发器表';

-- ----------------------------
-- 5、 Trigger 作为 Blob 类型存储(用于 Quartz 用户用 JDBC 创建他们自己定制的 Trigger 类型，JobStore 并不知道如何存储实例的时候)
-- ----------------------------
create table QRTZ_BLOB_TRIGGERS (
                                    sched_name           varchar(120)    not null            comment '调度名称',
                                    trigger_name         varchar(200)    not null            comment 'qrtz_triggers表trigger_name的外键',
                                    trigger_group        varchar(200)    not null            comment 'qrtz_triggers表trigger_group的外键',
                                    blob_data            blob            null                comment '存放持久化Trigger对象',
                                    primary key (sched_name, trigger_name, trigger_group),
                                    foreign key (sched_name, trigger_name, trigger_group) references QRTZ_TRIGGERS(sched_name, trigger_name, trigger_group)
) engine=innodb comment = 'Blob类型的触发器表';

-- ----------------------------
-- 6、 以 Blob 类型存储存放日历信息， quartz可配置一个日历来指定一个时间范围
-- ----------------------------
create table QRTZ_CALENDARS (
                                sched_name           varchar(120)    not null            comment '调度名称',
                                calendar_name        varchar(200)    not null            comment '日历名称',
                                calendar             blob            not null            comment '存放持久化calendar对象',
                                primary key (sched_name, calendar_name)
) engine=innodb comment = '日历信息表';

-- ----------------------------
-- 7、 存储已暂停的 Trigger 组的信息
-- ----------------------------
create table QRTZ_PAUSED_TRIGGER_GRPS (
                                          sched_name           varchar(120)    not null            comment '调度名称',
                                          trigger_group        varchar(200)    not null            comment 'qrtz_triggers表trigger_group的外键',
                                          primary key (sched_name, trigger_group)
) engine=innodb comment = '暂停的触发器表';

-- ----------------------------
-- 8、 存储与已触发的 Trigger 相关的状态信息，以及相联 Job 的执行信息
-- ----------------------------
create table QRTZ_FIRED_TRIGGERS (
                                     sched_name           varchar(120)    not null            comment '调度名称',
                                     entry_id             varchar(95)     not null            comment '调度器实例id',
                                     trigger_name         varchar(200)    not null            comment 'qrtz_triggers表trigger_name的外键',
                                     trigger_group        varchar(200)    not null            comment 'qrtz_triggers表trigger_group的外键',
                                     instance_name        varchar(200)    not null            comment '调度器实例名',
                                     fired_time           bigint(13)      not null            comment '触发的时间',
                                     sched_time           bigint(13)      not null            comment '定时器制定的时间',
                                     priority             integer         not null            comment '优先级',
                                     state                varchar(16)     not null            comment '状态',
                                     job_name             varchar(200)    null                comment '任务名称',
                                     job_group            varchar(200)    null                comment '任务组名',
                                     is_nonconcurrent     varchar(1)      null                comment '是否并发',
                                     requests_recovery    varchar(1)      null                comment '是否接受恢复执行',
                                     primary key (sched_name, entry_id)
) engine=innodb comment = '已触发的触发器表';

-- ----------------------------
-- 9、 存储少量的有关 Scheduler 的状态信息，假如是用于集群中，可以看到其他的 Scheduler 实例
-- ----------------------------
create table QRTZ_SCHEDULER_STATE (
                                      sched_name           varchar(120)    not null            comment '调度名称',
                                      instance_name        varchar(200)    not null            comment '实例名称',
                                      last_checkin_time    bigint(13)      not null            comment '上次检查时间',
                                      checkin_interval     bigint(13)      not null            comment '检查间隔时间',
                                      primary key (sched_name, instance_name)
) engine=innodb comment = '调度器状态表';

-- ----------------------------
-- 10、 存储程序的悲观锁的信息(假如使用了悲观锁)
-- ----------------------------
create table QRTZ_LOCKS (
                            sched_name           varchar(120)    not null            comment '调度名称',
                            lock_name            varchar(40)     not null            comment '悲观锁名称',
                            primary key (sched_name, lock_name)
) engine=innodb comment = '存储的悲观锁信息表';

-- ----------------------------
-- 11、 Quartz集群实现同步机制的行锁表
-- ----------------------------
create table QRTZ_SIMPROP_TRIGGERS (
                                       sched_name           varchar(120)    not null            comment '调度名称',
                                       trigger_name         varchar(200)    not null            comment 'qrtz_triggers表trigger_name的外键',
                                       trigger_group        varchar(200)    not null            comment 'qrtz_triggers表trigger_group的外键',
                                       str_prop_1           varchar(512)    null                comment 'String类型的trigger的第一个参数',
                                       str_prop_2           varchar(512)    null                comment 'String类型的trigger的第二个参数',
                                       str_prop_3           varchar(512)    null                comment 'String类型的trigger的第三个参数',
                                       int_prop_1           int             null                comment 'int类型的trigger的第一个参数',
                                       int_prop_2           int             null                comment 'int类型的trigger的第二个参数',
                                       long_prop_1          bigint          null                comment 'long类型的trigger的第一个参数',
                                       long_prop_2          bigint          null                comment 'long类型的trigger的第二个参数',
                                       dec_prop_1           numeric(13,4)   null                comment 'decimal类型的trigger的第一个参数',
                                       dec_prop_2           numeric(13,4)   null                comment 'decimal类型的trigger的第二个参数',
                                       bool_prop_1          varchar(1)      null                comment 'Boolean类型的trigger的第一个参数',
                                       bool_prop_2          varchar(1)      null                comment 'Boolean类型的trigger的第二个参数',
                                       primary key (sched_name, trigger_name, trigger_group),
                                       foreign key (sched_name, trigger_name, trigger_group) references QRTZ_TRIGGERS(sched_name, trigger_name, trigger_group)
) engine=innodb comment = '同步机制的行锁表';

commit;

-- ----------------------------
-- 1、部门表
-- ----------------------------
drop table if exists sys_dept;
create table sys_dept (
                          dept_id           bigint(20)      not null auto_increment    comment '部门id',
                          parent_id         bigint(20)      default 0                  comment '父部门id',
                          ancestors         varchar(50)     default ''                 comment '祖级列表',
                          dept_name         varchar(30)     default ''                 comment '部门名称',
                          order_num         int(4)          default 0                  comment '显示顺序',
                          leader            varchar(20)     default null               comment '负责人',
                          phone             varchar(11)     default null               comment '联系电话',
                          email             varchar(50)     default null               comment '邮箱',
                          status            char(1)         default '0'                comment '部门状态（0正常 1停用）',
                          del_flag          char(1)         default '0'                comment '删除标志（0代表存在 2代表删除）',
                          create_by         varchar(64)     default ''                 comment '创建者',
                          create_time 	    datetime                                   comment '创建时间',
                          update_by         varchar(64)     default ''                 comment '更新者',
                          update_time       datetime                                   comment '更新时间',
                          primary key (dept_id)
) engine=innodb auto_increment=200 comment = '部门表';

-- ----------------------------
-- 初始化-部门表数据
-- ----------------------------
insert into sys_dept values(100,  0,   '0',          '若依科技',   0, '若依', '15888888888', 'ry@qq.com', '0', '0', 'admin', sysdate(), '', null);
insert into sys_dept values(101,  100, '0,100',      '深圳总公司', 1, '若依', '15888888888', 'ry@qq.com', '0', '0', 'admin', sysdate(), '', null);
insert into sys_dept values(102,  100, '0,100',      '长沙分公司', 2, '若依', '15888888888', 'ry@qq.com', '0', '0', 'admin', sysdate(), '', null);
insert into sys_dept values(103,  101, '0,100,101',  '研发部门',   1, '若依', '15888888888', 'ry@qq.com', '0', '0', 'admin', sysdate(), '', null);
insert into sys_dept values(104,  101, '0,100,101',  '市场部门',   2, '若依', '15888888888', 'ry@qq.com', '0', '0', 'admin', sysdate(), '', null);
insert into sys_dept values(105,  101, '0,100,101',  '测试部门',   3, '若依', '15888888888', 'ry@qq.com', '0', '0', 'admin', sysdate(), '', null);
insert into sys_dept values(106,  101, '0,100,101',  '财务部门',   4, '若依', '15888888888', 'ry@qq.com', '0', '0', 'admin', sysdate(), '', null);
insert into sys_dept values(107,  101, '0,100,101',  '运维部门',   5, '若依', '15888888888', 'ry@qq.com', '0', '0', 'admin', sysdate(), '', null);
insert into sys_dept values(108,  102, '0,100,102',  '市场部门',   1, '若依', '15888888888', 'ry@qq.com', '0', '0', 'admin', sysdate(), '', null);
insert into sys_dept values(109,  102, '0,100,102',  '财务部门',   2, '若依', '15888888888', 'ry@qq.com', '0', '0', 'admin', sysdate(), '', null);


-- ----------------------------
-- 2、用户信息表
-- ----------------------------
drop table if exists sys_user;
create table sys_user (
                          user_id           bigint(20)      not null auto_increment    comment '用户ID',
                          dept_id           bigint(20)      default null               comment '部门ID',
                          login_name        varchar(30)     not null                   comment '登录账号',
                          user_name         varchar(30)     default ''                 comment '用户昵称',
                          user_type         varchar(2)      default '00'               comment '用户类型（00系统用户 01注册用户）',
                          email             varchar(50)     default ''                 comment '用户邮箱',
                          phonenumber       varchar(11)     default ''                 comment '手机号码',
                          sex               char(1)         default '0'                comment '用户性别（0男 1女 2未知）',
                          avatar            varchar(100)    default ''                 comment '头像路径',
                          password          varchar(50)     default ''                 comment '密码',
                          salt              varchar(20)     default ''                 comment '盐加密',
                          status            char(1)         default '0'                comment '帐号状态（0正常 1停用）',
                          del_flag          char(1)         default '0'                comment '删除标志（0代表存在 2代表删除）',
                          login_ip          varchar(128)    default ''                 comment '最后登录IP',
                          login_date        datetime                                   comment '最后登录时间',
                          pwd_update_date   datetime                                   comment '密码最后更新时间',
                          create_by         varchar(64)     default ''                 comment '创建者',
                          create_time       datetime                                   comment '创建时间',
                          update_by         varchar(64)     default ''                 comment '更新者',
                          update_time       datetime                                   comment '更新时间',
                          remark            varchar(500)    default null               comment '备注',
                          primary key (user_id)
) engine=innodb auto_increment=100 comment = '用户信息表';

-- ----------------------------
-- 初始化-用户信息表数据
-- ----------------------------
insert into sys_user values(1,  103, 'admin', '若依', '00', 'ry@163.com', '15888888888', '1', '', '29c67a30398638269fe600f73a054934', '111111', '0', '0', '127.0.0.1', null, null, 'admin', sysdate(), '', null, '管理员');
insert into sys_user values(2,  105, 'ry',    '若依', '00', 'ry@qq.com',  '15666666666', '1', '', '8e6d98b90472783cc73c17047ddccf36', '222222', '0', '0', '127.0.0.1', null, null, 'admin', sysdate(), '', null, '测试员');


-- ----------------------------
-- 3、岗位信息表
-- ----------------------------
drop table if exists sys_post;
create table sys_post
(
    post_id       bigint(20)      not null auto_increment    comment '岗位ID',
    post_code     varchar(64)     not null                   comment '岗位编码',
    post_name     varchar(50)     not null                   comment '岗位名称',
    post_sort     int(4)          not null                   comment '显示顺序',
    status        char(1)         not null                   comment '状态（0正常 1停用）',
    create_by     varchar(64)     default ''                 comment '创建者',
    create_time   datetime                                   comment '创建时间',
    update_by     varchar(64)     default ''			       comment '更新者',
    update_time   datetime                                   comment '更新时间',
    remark        varchar(500)    default null               comment '备注',
    primary key (post_id)
) engine=innodb comment = '岗位信息表';

-- ----------------------------
-- 初始化-岗位信息表数据
-- ----------------------------
insert into sys_post values(1, 'ceo',  '董事长',    1, '0', 'admin', sysdate(), '', null, '');
insert into sys_post values(2, 'se',   '项目经理',  2, '0', 'admin', sysdate(), '', null, '');
insert into sys_post values(3, 'hr',   '人力资源',  3, '0', 'admin', sysdate(), '', null, '');
insert into sys_post values(4, 'user', '普通员工',  4, '0', 'admin', sysdate(), '', null, '');


-- ----------------------------
-- 4、角色信息表
-- ----------------------------
drop table if exists sys_role;
create table sys_role (
                          role_id           bigint(20)      not null auto_increment    comment '角色ID',
                          role_name         varchar(30)     not null                   comment '角色名称',
                          role_key          varchar(100)    not null                   comment '角色权限字符串',
                          role_sort         int(4)          not null                   comment '显示顺序',
                          data_scope        char(1)         default '1'                comment '数据范围（1：全部数据权限 2：自定数据权限 3：本部门数据权限 4：本部门及以下数据权限）',
                          status            char(1)         not null                   comment '角色状态（0正常 1停用）',
                          del_flag          char(1)         default '0'                comment '删除标志（0代表存在 2代表删除）',
                          create_by         varchar(64)     default ''                 comment '创建者',
                          create_time       datetime                                   comment '创建时间',
                          update_by         varchar(64)     default ''                 comment '更新者',
                          update_time       datetime                                   comment '更新时间',
                          remark            varchar(500)    default null               comment '备注',
                          primary key (role_id)
) engine=innodb auto_increment=100 comment = '角色信息表';

-- ----------------------------
-- 初始化-角色信息表数据
-- ----------------------------
insert into sys_role values('1', '超级管理员', 'admin',  1, 1, '0', '0', 'admin', sysdate(), '', null, '超级管理员');
insert into sys_role values('2', '普通角色',   'common', 2, 2, '0', '0', 'admin', sysdate(), '', null, '普通角色');


-- ----------------------------
-- 5、菜单权限表
-- ----------------------------
drop table if exists sys_menu;
create table sys_menu (
                          menu_id           bigint(20)      not null auto_increment    comment '菜单ID',
                          menu_name         varchar(50)     not null                   comment '菜单名称',
                          parent_id         bigint(20)      default 0                  comment '父菜单ID',
                          order_num         int(4)          default 0                  comment '显示顺序',
                          url               varchar(200)    default '#'                comment '请求地址',
                          target            varchar(20)     default ''                 comment '打开方式（menuItem页签 menuBlank新窗口）',
                          menu_type         char(1)         default ''                 comment '菜单类型（M目录 C菜单 F按钮）',
                          visible           char(1)         default 0                  comment '菜单状态（0显示 1隐藏）',
                          is_refresh        char(1)         default 1                  comment '是否刷新（0刷新 1不刷新）',
                          perms             varchar(100)    default null               comment '权限标识',
                          icon              varchar(100)    default '#'                comment '菜单图标',
                          create_by         varchar(64)     default ''                 comment '创建者',
                          create_time       datetime                                   comment '创建时间',
                          update_by         varchar(64)     default ''                 comment '更新者',
                          update_time       datetime                                   comment '更新时间',
                          remark            varchar(500)    default ''                 comment '备注',
                          primary key (menu_id)
) engine=innodb auto_increment=2000 comment = '菜单权限表';

-- ----------------------------
-- 初始化-菜单信息表数据
-- ----------------------------
-- 一级菜单
insert into sys_menu values('1', '系统管理', '0', '1', '#',                '',          'M', '0', '1', '', 'fa fa-gear',           'admin', sysdate(), '', null, '系统管理目录');
insert into sys_menu values('2', '系统监控', '0', '2', '#',                '',          'M', '0', '1', '', 'fa fa-video-camera',   'admin', sysdate(), '', null, '系统监控目录');
insert into sys_menu values('3', '系统工具', '0', '3', '#',                '',          'M', '0', '1', '', 'fa fa-bars',           'admin', sysdate(), '', null, '系统工具目录');
insert into sys_menu values('4', '若依官网', '0', '4', 'http://ruoyi.vip', 'menuBlank', 'C', '0', '1', '', 'fa fa-location-arrow', 'admin', sysdate(), '', null, '若依官网地址');
-- 二级菜单
insert into sys_menu values('100',  '用户管理', '1', '1', '/system/user',          '', 'C', '0', '1', 'system:user:view',         'fa fa-user-o',          'admin', sysdate(), '', null, '用户管理菜单');
insert into sys_menu values('101',  '角色管理', '1', '2', '/system/role',          '', 'C', '0', '1', 'system:role:view',         'fa fa-user-secret',     'admin', sysdate(), '', null, '角色管理菜单');
insert into sys_menu values('102',  '菜单管理', '1', '3', '/system/menu',          '', 'C', '0', '1', 'system:menu:view',         'fa fa-th-list',         'admin', sysdate(), '', null, '菜单管理菜单');
insert into sys_menu values('103',  '部门管理', '1', '4', '/system/dept',          '', 'C', '0', '1', 'system:dept:view',         'fa fa-outdent',         'admin', sysdate(), '', null, '部门管理菜单');
insert into sys_menu values('104',  '岗位管理', '1', '5', '/system/post',          '', 'C', '0', '1', 'system:post:view',         'fa fa-address-card-o',  'admin', sysdate(), '', null, '岗位管理菜单');
insert into sys_menu values('105',  '字典管理', '1', '6', '/system/dict',          '', 'C', '0', '1', 'system:dict:view',         'fa fa-bookmark-o',      'admin', sysdate(), '', null, '字典管理菜单');
insert into sys_menu values('106',  '参数设置', '1', '7', '/system/config',        '', 'C', '0', '1', 'system:config:view',       'fa fa-sun-o',           'admin', sysdate(), '', null, '参数设置菜单');
insert into sys_menu values('107',  '通知公告', '1', '8', '/system/notice',        '', 'C', '0', '1', 'system:notice:view',       'fa fa-bullhorn',        'admin', sysdate(), '', null, '通知公告菜单');
insert into sys_menu values('108',  '日志管理', '1', '9', '#',                     '', 'M', '0', '1', '',                         'fa fa-pencil-square-o', 'admin', sysdate(), '', null, '日志管理菜单');
insert into sys_menu values('109',  '在线用户', '2', '1', '/monitor/online',       '', 'C', '0', '1', 'monitor:online:view',      'fa fa-user-circle',     'admin', sysdate(), '', null, '在线用户菜单');
insert into sys_menu values('110',  '定时任务', '2', '2', '/monitor/job',          '', 'C', '0', '1', 'monitor:job:view',         'fa fa-tasks',           'admin', sysdate(), '', null, '定时任务菜单');
insert into sys_menu values('111',  '数据监控', '2', '3', '/monitor/data',         '', 'C', '0', '1', 'monitor:data:view',        'fa fa-bug',             'admin', sysdate(), '', null, '数据监控菜单');
insert into sys_menu values('112',  '服务监控', '2', '4', '/monitor/server',       '', 'C', '0', '1', 'monitor:server:view',      'fa fa-server',          'admin', sysdate(), '', null, '服务监控菜单');
insert into sys_menu values('113',  '缓存监控', '2', '5', '/monitor/cache',        '', 'C', '0', '1', 'monitor:cache:view',       'fa fa-cube',            'admin', sysdate(), '', null, '缓存监控菜单');
insert into sys_menu values('114',  '表单构建', '3', '1', '/tool/build',           '', 'C', '0', '1', 'tool:build:view',          'fa fa-wpforms',         'admin', sysdate(), '', null, '表单构建菜单');
insert into sys_menu values('115',  '代码生成', '3', '2', '/tool/gen',             '', 'C', '0', '1', 'tool:gen:view',            'fa fa-code',            'admin', sysdate(), '', null, '代码生成菜单');
insert into sys_menu values('116',  '系统接口', '3', '3', '/tool/swagger',         '', 'C', '0', '1', 'tool:swagger:view',        'fa fa-gg',              'admin', sysdate(), '', null, '系统接口菜单');
-- 三级菜单
insert into sys_menu values('500',  '操作日志', '108', '1', '/monitor/operlog',    '', 'C', '0', '1', 'monitor:operlog:view',     'fa fa-address-book',    'admin', sysdate(), '', null, '操作日志菜单');
insert into sys_menu values('501',  '登录日志', '108', '2', '/monitor/logininfor', '', 'C', '0', '1', 'monitor:logininfor:view',  'fa fa-file-image-o',    'admin', sysdate(), '', null, '登录日志菜单');
-- 用户管理按钮
insert into sys_menu values('1000', '用户查询', '100', '1',  '#', '',  'F', '0', '1', 'system:user:list',        '#', 'admin', sysdate(), '', null, '');
insert into sys_menu values('1001', '用户新增', '100', '2',  '#', '',  'F', '0', '1', 'system:user:add',         '#', 'admin', sysdate(), '', null, '');
insert into sys_menu values('1002', '用户修改', '100', '3',  '#', '',  'F', '0', '1', 'system:user:edit',        '#', 'admin', sysdate(), '', null, '');
insert into sys_menu values('1003', '用户删除', '100', '4',  '#', '',  'F', '0', '1', 'system:user:remove',      '#', 'admin', sysdate(), '', null, '');
insert into sys_menu values('1004', '用户导出', '100', '5',  '#', '',  'F', '0', '1', 'system:user:export',      '#', 'admin', sysdate(), '', null, '');
insert into sys_menu values('1005', '用户导入', '100', '6',  '#', '',  'F', '0', '1', 'system:user:import',      '#', 'admin', sysdate(), '', null, '');
insert into sys_menu values('1006', '重置密码', '100', '7',  '#', '',  'F', '0', '1', 'system:user:resetPwd',    '#', 'admin', sysdate(), '', null, '');
-- 角色管理按钮
insert into sys_menu values('1007', '角色查询', '101', '1',  '#', '',  'F', '0', '1', 'system:role:list',        '#', 'admin', sysdate(), '', null, '');
insert into sys_menu values('1008', '角色新增', '101', '2',  '#', '',  'F', '0', '1', 'system:role:add',         '#', 'admin', sysdate(), '', null, '');
insert into sys_menu values('1009', '角色修改', '101', '3',  '#', '',  'F', '0', '1', 'system:role:edit',        '#', 'admin', sysdate(), '', null, '');
insert into sys_menu values('1010', '角色删除', '101', '4',  '#', '',  'F', '0', '1', 'system:role:remove',      '#', 'admin', sysdate(), '', null, '');
insert into sys_menu values('1011', '角色导出', '101', '5',  '#', '',  'F', '0', '1', 'system:role:export',      '#', 'admin', sysdate(), '', null, '');
-- 菜单管理按钮
insert into sys_menu values('1012', '菜单查询', '102', '1',  '#', '',  'F', '0', '1', 'system:menu:list',        '#', 'admin', sysdate(), '', null, '');
insert into sys_menu values('1013', '菜单新增', '102', '2',  '#', '',  'F', '0', '1', 'system:menu:add',         '#', 'admin', sysdate(), '', null, '');
insert into sys_menu values('1014', '菜单修改', '102', '3',  '#', '',  'F', '0', '1', 'system:menu:edit',        '#', 'admin', sysdate(), '', null, '');
insert into sys_menu values('1015', '菜单删除', '102', '4',  '#', '',  'F', '0', '1', 'system:menu:remove',      '#', 'admin', sysdate(), '', null, '');
-- 部门管理按钮
insert into sys_menu values('1016', '部门查询', '103', '1',  '#', '',  'F', '0', '1', 'system:dept:list',        '#', 'admin', sysdate(), '', null, '');
insert into sys_menu values('1017', '部门新增', '103', '2',  '#', '',  'F', '0', '1', 'system:dept:add',         '#', 'admin', sysdate(), '', null, '');
insert into sys_menu values('1018', '部门修改', '103', '3',  '#', '',  'F', '0', '1', 'system:dept:edit',        '#', 'admin', sysdate(), '', null, '');
insert into sys_menu values('1019', '部门删除', '103', '4',  '#', '',  'F', '0', '1', 'system:dept:remove',      '#', 'admin', sysdate(), '', null, '');
-- 岗位管理按钮
insert into sys_menu values('1020', '岗位查询', '104', '1',  '#', '',  'F', '0', '1', 'system:post:list',        '#', 'admin', sysdate(), '', null, '');
insert into sys_menu values('1021', '岗位新增', '104', '2',  '#', '',  'F', '0', '1', 'system:post:add',         '#', 'admin', sysdate(), '', null, '');
insert into sys_menu values('1022', '岗位修改', '104', '3',  '#', '',  'F', '0', '1', 'system:post:edit',        '#', 'admin', sysdate(), '', null, '');
insert into sys_menu values('1023', '岗位删除', '104', '4',  '#', '',  'F', '0', '1', 'system:post:remove',      '#', 'admin', sysdate(), '', null, '');
insert into sys_menu values('1024', '岗位导出', '104', '5',  '#', '',  'F', '0', '1', 'system:post:export',      '#', 'admin', sysdate(), '', null, '');
-- 字典管理按钮
insert into sys_menu values('1025', '字典查询', '105', '1',  '#', '',  'F', '0', '1', 'system:dict:list',        '#', 'admin', sysdate(), '', null, '');
insert into sys_menu values('1026', '字典新增', '105', '2',  '#', '',  'F', '0', '1', 'system:dict:add',         '#', 'admin', sysdate(), '', null, '');
insert into sys_menu values('1027', '字典修改', '105', '3',  '#', '',  'F', '0', '1', 'system:dict:edit',        '#', 'admin', sysdate(), '', null, '');
insert into sys_menu values('1028', '字典删除', '105', '4',  '#', '',  'F', '0', '1', 'system:dict:remove',      '#', 'admin', sysdate(), '', null, '');
insert into sys_menu values('1029', '字典导出', '105', '5',  '#', '',  'F', '0', '1', 'system:dict:export',      '#', 'admin', sysdate(), '', null, '');
-- 参数设置按钮
insert into sys_menu values('1030', '参数查询', '106', '1',  '#', '',  'F', '0', '1', 'system:config:list',      '#', 'admin', sysdate(), '', null, '');
insert into sys_menu values('1031', '参数新增', '106', '2',  '#', '',  'F', '0', '1', 'system:config:add',       '#', 'admin', sysdate(), '', null, '');
insert into sys_menu values('1032', '参数修改', '106', '3',  '#', '',  'F', '0', '1', 'system:config:edit',      '#', 'admin', sysdate(), '', null, '');
insert into sys_menu values('1033', '参数删除', '106', '4',  '#', '',  'F', '0', '1', 'system:config:remove',    '#', 'admin', sysdate(), '', null, '');
insert into sys_menu values('1034', '参数导出', '106', '5',  '#', '',  'F', '0', '1', 'system:config:export',    '#', 'admin', sysdate(), '', null, '');
-- 通知公告按钮
insert into sys_menu values('1035', '公告查询', '107', '1',  '#', '',  'F', '0', '1', 'system:notice:list',      '#', 'admin', sysdate(), '', null, '');
insert into sys_menu values('1036', '公告新增', '107', '2',  '#', '',  'F', '0', '1', 'system:notice:add',       '#', 'admin', sysdate(), '', null, '');
insert into sys_menu values('1037', '公告修改', '107', '3',  '#', '',  'F', '0', '1', 'system:notice:edit',      '#', 'admin', sysdate(), '', null, '');
insert into sys_menu values('1038', '公告删除', '107', '4',  '#', '',  'F', '0', '1', 'system:notice:remove',    '#', 'admin', sysdate(), '', null, '');
-- 操作日志按钮
insert into sys_menu values('1039', '操作查询', '500', '1',  '#', '',  'F', '0', '1', 'monitor:operlog:list',    '#', 'admin', sysdate(), '', null, '');
insert into sys_menu values('1040', '操作删除', '500', '2',  '#', '',  'F', '0', '1', 'monitor:operlog:remove',  '#', 'admin', sysdate(), '', null, '');
insert into sys_menu values('1041', '详细信息', '500', '3',  '#', '',  'F', '0', '1', 'monitor:operlog:detail',  '#', 'admin', sysdate(), '', null, '');
insert into sys_menu values('1042', '日志导出', '500', '4',  '#', '',  'F', '0', '1', 'monitor:operlog:export',  '#', 'admin', sysdate(), '', null, '');
-- 登录日志按钮
insert into sys_menu values('1043', '登录查询', '501', '1',  '#', '',  'F', '0', '1', 'monitor:logininfor:list',         '#', 'admin', sysdate(), '', null, '');
insert into sys_menu values('1044', '登录删除', '501', '2',  '#', '',  'F', '0', '1', 'monitor:logininfor:remove',       '#', 'admin', sysdate(), '', null, '');
insert into sys_menu values('1045', '日志导出', '501', '3',  '#', '',  'F', '0', '1', 'monitor:logininfor:export',       '#', 'admin', sysdate(), '', null, '');
insert into sys_menu values('1046', '账户解锁', '501', '4',  '#', '',  'F', '0', '1', 'monitor:logininfor:unlock',       '#', 'admin', sysdate(), '', null, '');
-- 在线用户按钮
insert into sys_menu values('1047', '在线查询', '109', '1',  '#', '',  'F', '0', '1', 'monitor:online:list',             '#', 'admin', sysdate(), '', null, '');
insert into sys_menu values('1048', '批量强退', '109', '2',  '#', '',  'F', '0', '1', 'monitor:online:batchForceLogout', '#', 'admin', sysdate(), '', null, '');
insert into sys_menu values('1049', '单条强退', '109', '3',  '#', '',  'F', '0', '1', 'monitor:online:forceLogout',      '#', 'admin', sysdate(), '', null, '');
-- 定时任务按钮
insert into sys_menu values('1050', '任务查询', '110', '1',  '#', '',  'F', '0', '1', 'monitor:job:list',                '#', 'admin', sysdate(), '', null, '');
insert into sys_menu values('1051', '任务新增', '110', '2',  '#', '',  'F', '0', '1', 'monitor:job:add',                 '#', 'admin', sysdate(), '', null, '');
insert into sys_menu values('1052', '任务修改', '110', '3',  '#', '',  'F', '0', '1', 'monitor:job:edit',                '#', 'admin', sysdate(), '', null, '');
insert into sys_menu values('1053', '任务删除', '110', '4',  '#', '',  'F', '0', '1', 'monitor:job:remove',              '#', 'admin', sysdate(), '', null, '');
insert into sys_menu values('1054', '状态修改', '110', '5',  '#', '',  'F', '0', '1', 'monitor:job:changeStatus',        '#', 'admin', sysdate(), '', null, '');
insert into sys_menu values('1055', '任务详细', '110', '6',  '#', '',  'F', '0', '1', 'monitor:job:detail',              '#', 'admin', sysdate(), '', null, '');
insert into sys_menu values('1056', '任务导出', '110', '7',  '#', '',  'F', '0', '1', 'monitor:job:export',              '#', 'admin', sysdate(), '', null, '');
-- 代码生成按钮
insert into sys_menu values('1057', '生成查询', '115', '1',  '#', '',  'F', '0', '1', 'tool:gen:list',     '#', 'admin', sysdate(), '', null, '');
insert into sys_menu values('1058', '生成修改', '115', '2',  '#', '',  'F', '0', '1', 'tool:gen:edit',     '#', 'admin', sysdate(), '', null, '');
insert into sys_menu values('1059', '生成删除', '115', '3',  '#', '',  'F', '0', '1', 'tool:gen:remove',   '#', 'admin', sysdate(), '', null, '');
insert into sys_menu values('1060', '预览代码', '115', '4',  '#', '',  'F', '0', '1', 'tool:gen:preview',  '#', 'admin', sysdate(), '', null, '');
insert into sys_menu values('1061', '生成代码', '115', '5',  '#', '',  'F', '0', '1', 'tool:gen:code',     '#', 'admin', sysdate(), '', null, '');


-- ----------------------------
-- 6、用户和角色关联表  用户N-1角色
-- ----------------------------
drop table if exists sys_user_role;
create table sys_user_role (
                               user_id   bigint(20) not null comment '用户ID',
                               role_id   bigint(20) not null comment '角色ID',
                               primary key(user_id, role_id)
) engine=innodb comment = '用户和角色关联表';

-- ----------------------------
-- 初始化-用户和角色关联表数据
-- ----------------------------
insert into sys_user_role values ('1', '1');
insert into sys_user_role values ('2', '2');


-- ----------------------------
-- 7、角色和菜单关联表  角色1-N菜单
-- ----------------------------
drop table if exists sys_role_menu;
create table sys_role_menu (
                               role_id   bigint(20) not null comment '角色ID',
                               menu_id   bigint(20) not null comment '菜单ID',
                               primary key(role_id, menu_id)
) engine=innodb comment = '角色和菜单关联表';

-- ----------------------------
-- 初始化-角色和菜单关联表数据
-- ----------------------------
insert into sys_role_menu values ('2', '1');
insert into sys_role_menu values ('2', '2');
insert into sys_role_menu values ('2', '3');
insert into sys_role_menu values ('2', '4');
insert into sys_role_menu values ('2', '100');
insert into sys_role_menu values ('2', '101');
insert into sys_role_menu values ('2', '102');
insert into sys_role_menu values ('2', '103');
insert into sys_role_menu values ('2', '104');
insert into sys_role_menu values ('2', '105');
insert into sys_role_menu values ('2', '106');
insert into sys_role_menu values ('2', '107');
insert into sys_role_menu values ('2', '108');
insert into sys_role_menu values ('2', '109');
insert into sys_role_menu values ('2', '110');
insert into sys_role_menu values ('2', '111');
insert into sys_role_menu values ('2', '112');
insert into sys_role_menu values ('2', '113');
insert into sys_role_menu values ('2', '114');
insert into sys_role_menu values ('2', '115');
insert into sys_role_menu values ('2', '116');
insert into sys_role_menu values ('2', '500');
insert into sys_role_menu values ('2', '501');
insert into sys_role_menu values ('2', '1000');
insert into sys_role_menu values ('2', '1001');
insert into sys_role_menu values ('2', '1002');
insert into sys_role_menu values ('2', '1003');
insert into sys_role_menu values ('2', '1004');
insert into sys_role_menu values ('2', '1005');
insert into sys_role_menu values ('2', '1006');
insert into sys_role_menu values ('2', '1007');
insert into sys_role_menu values ('2', '1008');
insert into sys_role_menu values ('2', '1009');
insert into sys_role_menu values ('2', '1010');
insert into sys_role_menu values ('2', '1011');
insert into sys_role_menu values ('2', '1012');
insert into sys_role_menu values ('2', '1013');
insert into sys_role_menu values ('2', '1014');
insert into sys_role_menu values ('2', '1015');
insert into sys_role_menu values ('2', '1016');
insert into sys_role_menu values ('2', '1017');
insert into sys_role_menu values ('2', '1018');
insert into sys_role_menu values ('2', '1019');
insert into sys_role_menu values ('2', '1020');
insert into sys_role_menu values ('2', '1021');
insert into sys_role_menu values ('2', '1022');
insert into sys_role_menu values ('2', '1023');
insert into sys_role_menu values ('2', '1024');
insert into sys_role_menu values ('2', '1025');
insert into sys_role_menu values ('2', '1026');
insert into sys_role_menu values ('2', '1027');
insert into sys_role_menu values ('2', '1028');
insert into sys_role_menu values ('2', '1029');
insert into sys_role_menu values ('2', '1030');
insert into sys_role_menu values ('2', '1031');
insert into sys_role_menu values ('2', '1032');
insert into sys_role_menu values ('2', '1033');
insert into sys_role_menu values ('2', '1034');
insert into sys_role_menu values ('2', '1035');
insert into sys_role_menu values ('2', '1036');
insert into sys_role_menu values ('2', '1037');
insert into sys_role_menu values ('2', '1038');
insert into sys_role_menu values ('2', '1039');
insert into sys_role_menu values ('2', '1040');
insert into sys_role_menu values ('2', '1041');
insert into sys_role_menu values ('2', '1042');
insert into sys_role_menu values ('2', '1043');
insert into sys_role_menu values ('2', '1044');
insert into sys_role_menu values ('2', '1045');
insert into sys_role_menu values ('2', '1046');
insert into sys_role_menu values ('2', '1047');
insert into sys_role_menu values ('2', '1048');
insert into sys_role_menu values ('2', '1049');
insert into sys_role_menu values ('2', '1050');
insert into sys_role_menu values ('2', '1051');
insert into sys_role_menu values ('2', '1052');
insert into sys_role_menu values ('2', '1053');
insert into sys_role_menu values ('2', '1054');
insert into sys_role_menu values ('2', '1055');
insert into sys_role_menu values ('2', '1056');
insert into sys_role_menu values ('2', '1057');
insert into sys_role_menu values ('2', '1058');
insert into sys_role_menu values ('2', '1059');
insert into sys_role_menu values ('2', '1060');
insert into sys_role_menu values ('2', '1061');

-- ----------------------------
-- 8、角色和部门关联表  角色1-N部门
-- ----------------------------
drop table if exists sys_role_dept;
create table sys_role_dept (
                               role_id   bigint(20) not null comment '角色ID',
                               dept_id   bigint(20) not null comment '部门ID',
                               primary key(role_id, dept_id)
) engine=innodb comment = '角色和部门关联表';

-- ----------------------------
-- 初始化-角色和部门关联表数据
-- ----------------------------
insert into sys_role_dept values ('2', '100');
insert into sys_role_dept values ('2', '101');
insert into sys_role_dept values ('2', '105');

-- ----------------------------
-- 9、用户与岗位关联表  用户1-N岗位
-- ----------------------------
drop table if exists sys_user_post;
create table sys_user_post
(
    user_id   bigint(20) not null comment '用户ID',
    post_id   bigint(20) not null comment '岗位ID',
    primary key (user_id, post_id)
) engine=innodb comment = '用户与岗位关联表';

-- ----------------------------
-- 初始化-用户与岗位关联表数据
-- ----------------------------
insert into sys_user_post values ('1', '1');
insert into sys_user_post values ('2', '2');


-- ----------------------------
-- 10、操作日志记录
-- ----------------------------
drop table if exists sys_oper_log;
create table sys_oper_log (
                              oper_id           bigint(20)      not null auto_increment    comment '日志主键',
                              title             varchar(50)     default ''                 comment '模块标题',
                              business_type     int(2)          default 0                  comment '业务类型（0其它 1新增 2修改 3删除）',
                              method            varchar(100)    default ''                 comment '方法名称',
                              request_method    varchar(10)     default ''                 comment '请求方式',
                              operator_type     int(1)          default 0                  comment '操作类别（0其它 1后台用户 2手机端用户）',
                              oper_name         varchar(50)     default ''                 comment '操作人员',
                              dept_name         varchar(50)     default ''                 comment '部门名称',
                              oper_url          varchar(255)    default ''                 comment '请求URL',
                              oper_ip           varchar(128)    default ''                 comment '主机地址',
                              oper_location     varchar(255)    default ''                 comment '操作地点',
                              oper_param        varchar(2000)   default ''                 comment '请求参数',
                              json_result       varchar(2000)   default ''                 comment '返回参数',
                              status            int(1)          default 0                  comment '操作状态（0正常 1异常）',
                              error_msg         varchar(2000)   default ''                 comment '错误消息',
                              oper_time         datetime                                   comment '操作时间',
                              cost_time         bigint(20)      default 0                  comment '消耗时间',
                              primary key (oper_id),
                              key idx_sys_oper_log_bt (business_type),
                              key idx_sys_oper_log_s  (status),
                              key idx_sys_oper_log_ot (oper_time)
) engine=innodb auto_increment=100 comment = '操作日志记录';


-- ----------------------------
-- 11、字典类型表
-- ----------------------------
drop table if exists sys_dict_type;
create table sys_dict_type
(
    dict_id          bigint(20)      not null auto_increment    comment '字典主键',
    dict_name        varchar(100)    default ''                 comment '字典名称',
    dict_type        varchar(100)    default ''                 comment '字典类型',
    status           char(1)         default '0'                comment '状态（0正常 1停用）',
    create_by        varchar(64)     default ''                 comment '创建者',
    create_time      datetime                                   comment '创建时间',
    update_by        varchar(64)     default ''                 comment '更新者',
    update_time      datetime                                   comment '更新时间',
    remark           varchar(500)    default null               comment '备注',
    primary key (dict_id),
    unique (dict_type)
) engine=innodb auto_increment=100 comment = '字典类型表';

insert into sys_dict_type values(1,  '用户性别', 'sys_user_sex',        '0', 'admin', sysdate(), '', null, '用户性别列表');
insert into sys_dict_type values(2,  '菜单状态', 'sys_show_hide',       '0', 'admin', sysdate(), '', null, '菜单状态列表');
insert into sys_dict_type values(3,  '系统开关', 'sys_normal_disable',  '0', 'admin', sysdate(), '', null, '系统开关列表');
insert into sys_dict_type values(4,  '任务状态', 'sys_job_status',      '0', 'admin', sysdate(), '', null, '任务状态列表');
insert into sys_dict_type values(5,  '任务分组', 'sys_job_group',       '0', 'admin', sysdate(), '', null, '任务分组列表');
insert into sys_dict_type values(6,  '系统是否', 'sys_yes_no',          '0', 'admin', sysdate(), '', null, '系统是否列表');
insert into sys_dict_type values(7,  '通知类型', 'sys_notice_type',     '0', 'admin', sysdate(), '', null, '通知类型列表');
insert into sys_dict_type values(8,  '通知状态', 'sys_notice_status',   '0', 'admin', sysdate(), '', null, '通知状态列表');
insert into sys_dict_type values(9,  '操作类型', 'sys_oper_type',       '0', 'admin', sysdate(), '', null, '操作类型列表');
insert into sys_dict_type values(10, '系统状态', 'sys_common_status',   '0', 'admin', sysdate(), '', null, '登录状态列表');


-- ----------------------------
-- 12、字典数据表
-- ----------------------------
drop table if exists sys_dict_data;
create table sys_dict_data
(
    dict_code        bigint(20)      not null auto_increment    comment '字典编码',
    dict_sort        int(4)          default 0                  comment '字典排序',
    dict_label       varchar(100)    default ''                 comment '字典标签',
    dict_value       varchar(100)    default ''                 comment '字典键值',
    dict_type        varchar(100)    default ''                 comment '字典类型',
    css_class        varchar(100)    default null               comment '样式属性（其他样式扩展）',
    list_class       varchar(100)    default null               comment '表格回显样式',
    is_default       char(1)         default 'N'                comment '是否默认（Y是 N否）',
    status           char(1)         default '0'                comment '状态（0正常 1停用）',
    create_by        varchar(64)     default ''                 comment '创建者',
    create_time      datetime                                   comment '创建时间',
    update_by        varchar(64)     default ''                 comment '更新者',
    update_time      datetime                                   comment '更新时间',
    remark           varchar(500)    default null               comment '备注',
    primary key (dict_code)
) engine=innodb auto_increment=100 comment = '字典数据表';

insert into sys_dict_data values(1,  1,  '男',       '0',       'sys_user_sex',        '',   '',        'Y', '0', 'admin', sysdate(), '', null, '性别男');
insert into sys_dict_data values(2,  2,  '女',       '1',       'sys_user_sex',        '',   '',        'N', '0', 'admin', sysdate(), '', null, '性别女');
insert into sys_dict_data values(3,  3,  '未知',     '2',       'sys_user_sex',        '',   '',        'N', '0', 'admin', sysdate(), '', null, '性别未知');
insert into sys_dict_data values(4,  1,  '显示',     '0',       'sys_show_hide',       '',   'primary', 'Y', '0', 'admin', sysdate(), '', null, '显示菜单');
insert into sys_dict_data values(5,  2,  '隐藏',     '1',       'sys_show_hide',       '',   'danger',  'N', '0', 'admin', sysdate(), '', null, '隐藏菜单');
insert into sys_dict_data values(6,  1,  '正常',     '0',       'sys_normal_disable',  '',   'primary', 'Y', '0', 'admin', sysdate(), '', null, '正常状态');
insert into sys_dict_data values(7,  2,  '停用',     '1',       'sys_normal_disable',  '',   'danger',  'N', '0', 'admin', sysdate(), '', null, '停用状态');
insert into sys_dict_data values(8,  1,  '正常',     '0',       'sys_job_status',      '',   'primary', 'Y', '0', 'admin', sysdate(), '', null, '正常状态');
insert into sys_dict_data values(9,  2,  '暂停',     '1',       'sys_job_status',      '',   'danger',  'N', '0', 'admin', sysdate(), '', null, '停用状态');
insert into sys_dict_data values(10, 1,  '默认',     'DEFAULT', 'sys_job_group',       '',   '',        'Y', '0', 'admin', sysdate(), '', null, '默认分组');
insert into sys_dict_data values(11, 2,  '系统',     'SYSTEM',  'sys_job_group',       '',   '',        'N', '0', 'admin', sysdate(), '', null, '系统分组');
insert into sys_dict_data values(12, 1,  '是',       'Y',       'sys_yes_no',          '',   'primary', 'Y', '0', 'admin', sysdate(), '', null, '系统默认是');
insert into sys_dict_data values(13, 2,  '否',       'N',       'sys_yes_no',          '',   'danger',  'N', '0', 'admin', sysdate(), '', null, '系统默认否');
insert into sys_dict_data values(14, 1,  '通知',     '1',       'sys_notice_type',     '',   'warning', 'Y', '0', 'admin', sysdate(), '', null, '通知');
insert into sys_dict_data values(15, 2,  '公告',     '2',       'sys_notice_type',     '',   'success', 'N', '0', 'admin', sysdate(), '', null, '公告');
insert into sys_dict_data values(16, 1,  '正常',     '0',       'sys_notice_status',   '',   'primary', 'Y', '0', 'admin', sysdate(), '', null, '正常状态');
insert into sys_dict_data values(17, 2,  '关闭',     '1',       'sys_notice_status',   '',   'danger',  'N', '0', 'admin', sysdate(), '', null, '关闭状态');
insert into sys_dict_data values(18, 99, '其他',     '0',       'sys_oper_type',       '',   'info',    'N', '0', 'admin', sysdate(), '', null, '其他操作');
insert into sys_dict_data values(19, 1,  '新增',     '1',       'sys_oper_type',       '',   'info',    'N', '0', 'admin', sysdate(), '', null, '新增操作');
insert into sys_dict_data values(20, 2,  '修改',     '2',       'sys_oper_type',       '',   'info',    'N', '0', 'admin', sysdate(), '', null, '修改操作');
insert into sys_dict_data values(21, 3,  '删除',     '3',       'sys_oper_type',       '',   'danger',  'N', '0', 'admin', sysdate(), '', null, '删除操作');
insert into sys_dict_data values(22, 4,  '授权',     '4',       'sys_oper_type',       '',   'primary', 'N', '0', 'admin', sysdate(), '', null, '授权操作');
insert into sys_dict_data values(23, 5,  '导出',     '5',       'sys_oper_type',       '',   'warning', 'N', '0', 'admin', sysdate(), '', null, '导出操作');
insert into sys_dict_data values(24, 6,  '导入',     '6',       'sys_oper_type',       '',   'warning', 'N', '0', 'admin', sysdate(), '', null, '导入操作');
insert into sys_dict_data values(25, 7,  '强退',     '7',       'sys_oper_type',       '',   'danger',  'N', '0', 'admin', sysdate(), '', null, '强退操作');
insert into sys_dict_data values(26, 8,  '生成代码', '8',       'sys_oper_type',       '',   'warning', 'N', '0', 'admin', sysdate(), '', null, '生成操作');
insert into sys_dict_data values(27, 9,  '清空数据', '9',       'sys_oper_type',       '',   'danger',  'N', '0', 'admin', sysdate(), '', null, '清空操作');
insert into sys_dict_data values(28, 1,  '成功',     '0',       'sys_common_status',   '',   'primary', 'N', '0', 'admin', sysdate(), '', null, '正常状态');
insert into sys_dict_data values(29, 2,  '失败',     '1',       'sys_common_status',   '',   'danger',  'N', '0', 'admin', sysdate(), '', null, '停用状态');


-- ----------------------------
-- 13、参数配置表
-- ----------------------------
drop table if exists sys_config;
create table sys_config (
                            config_id         int(5)          not null auto_increment    comment '参数主键',
                            config_name       varchar(100)    default ''                 comment '参数名称',
                            config_key        varchar(100)    default ''                 comment '参数键名',
                            config_value      varchar(500)    default ''                 comment '参数键值',
                            config_type       char(1)         default 'N'                comment '系统内置（Y是 N否）',
                            create_by         varchar(64)     default ''                 comment '创建者',
                            create_time       datetime                                   comment '创建时间',
                            update_by         varchar(64)     default ''                 comment '更新者',
                            update_time       datetime                                   comment '更新时间',
                            remark            varchar(500)    default null               comment '备注',
                            primary key (config_id)
) engine=innodb auto_increment=100 comment = '参数配置表';

insert into sys_config values(1,  '主框架页-默认皮肤样式名称',     'sys.index.skinName',               'skin-blue',     'Y', 'admin', sysdate(), '', null, '蓝色 skin-blue、绿色 skin-green、紫色 skin-purple、红色 skin-red、黄色 skin-yellow');
insert into sys_config values(2,  '用户管理-账号初始密码',         'sys.user.initPassword',            '123456',        'Y', 'admin', sysdate(), '', null, '初始化密码 123456');
insert into sys_config values(3,  '主框架页-侧边栏主题',           'sys.index.sideTheme',              'theme-dark',    'Y', 'admin', sysdate(), '', null, '深黑主题theme-dark，浅色主题theme-light，深蓝主题theme-blue');
insert into sys_config values(4,  '账号自助-是否开启用户注册功能', 'sys.account.registerUser',         'false',         'Y', 'admin', sysdate(), '', null, '是否开启注册用户功能（true开启，false关闭）');
insert into sys_config values(5,  '用户管理-密码字符范围',         'sys.account.chrtype',              '0',             'Y', 'admin', sysdate(), '', null, '默认任意字符范围，0任意（密码可以输入任意字符），1数字（密码只能为0-9数字），2英文字母（密码只能为a-z和A-Z字母），3字母和数字（密码必须包含字母，数字）,4字母数字和特殊字符（目前支持的特殊字符包括：~!@#$%^&*()-=_+）');
insert into sys_config values(6,  '用户管理-初始密码修改策略',     'sys.account.initPasswordModify',   '1',             'Y', 'admin', sysdate(), '', null, '0：初始密码修改策略关闭，没有任何提示，1：提醒用户，如果未修改初始密码，则在登录时就会提醒修改密码对话框');
insert into sys_config values(7,  '用户管理-账号密码更新周期',     'sys.account.passwordValidateDays', '0',             'Y', 'admin', sysdate(), '', null, '密码更新周期（填写数字，数据初始化值为0不限制，若修改必须为大于0小于365的正整数），如果超过这个周期登录系统时，则在登录时就会提醒修改密码对话框');
insert into sys_config values(8,  '主框架页-菜单导航显示风格',     'sys.index.menuStyle',              'default',       'Y', 'admin', sysdate(), '', null, '菜单导航显示风格（default为左侧导航菜单，topnav为顶部导航菜单）');
insert into sys_config values(9,  '主框架页-是否开启页脚',         'sys.index.footer',                 'true',          'Y', 'admin', sysdate(), '', null, '是否开启底部页脚显示（true显示，false隐藏）');
insert into sys_config values(10, '主框架页-是否开启页签',         'sys.index.tagsView',               'true',          'Y', 'admin', sysdate(), '', null, '是否开启菜单多页签显示（true显示，false隐藏）');
insert into sys_config values(11, '用户登录-黑名单列表',           'sys.login.blackIPList',            '',              'Y', 'admin', sysdate(), '', null, '设置登录IP黑名单限制，多个匹配项以;分隔，支持匹配（*通配、网段）');


-- ----------------------------
-- 14、系统访问记录
-- ----------------------------
drop table if exists sys_logininfor;
create table sys_logininfor (
                                info_id        bigint(20)     not null auto_increment   comment '访问ID',
                                login_name     varchar(50)    default ''                comment '登录账号',
                                ipaddr         varchar(128)   default ''                comment '登录IP地址',
                                login_location varchar(255)   default ''                comment '登录地点',
                                browser        varchar(50)    default ''                comment '浏览器类型',
                                os             varchar(50)    default ''                comment '操作系统',
                                status         char(1)        default '0'               comment '登录状态（0成功 1失败）',
                                msg            varchar(255)   default ''                comment '提示消息',
                                login_time     datetime                                 comment '访问时间',
                                primary key (info_id),
                                key idx_sys_logininfor_s  (status),
                                key idx_sys_logininfor_lt (login_time)
) engine=innodb auto_increment=100 comment = '系统访问记录';


-- ----------------------------
-- 15、在线用户记录
-- ----------------------------
drop table if exists sys_user_online;
create table sys_user_online (
                                 sessionId         varchar(50)   default ''                comment '用户会话id',
                                 login_name        varchar(50)   default ''                comment '登录账号',
                                 dept_name         varchar(50)   default ''                comment '部门名称',
                                 ipaddr            varchar(128)  default ''                comment '登录IP地址',
                                 login_location    varchar(255)  default ''                comment '登录地点',
                                 browser           varchar(50)   default ''                comment '浏览器类型',
                                 os                varchar(50)   default ''                comment '操作系统',
                                 status            varchar(10)   default ''                comment '在线状态on_line在线off_line离线',
                                 start_timestamp   datetime                                comment 'session创建时间',
                                 last_access_time  datetime                                comment 'session最后访问时间',
                                 expire_time       int(5)        default 0                 comment '超时时间，单位为分钟',
                                 primary key (sessionId)
) engine=innodb comment = '在线用户记录';


-- ----------------------------
-- 16、定时任务调度表
-- ----------------------------
drop table if exists sys_job;
create table sys_job (
                         job_id              bigint(20)    not null auto_increment    comment '任务ID',
                         job_name            varchar(64)   default ''                 comment '任务名称',
                         job_group           varchar(64)   default 'DEFAULT'          comment '任务组名',
                         invoke_target       varchar(500)  not null                   comment '调用目标字符串',
                         cron_expression     varchar(255)  default ''                 comment 'cron执行表达式',
                         misfire_policy      varchar(20)   default '3'                comment '计划执行错误策略（1立即执行 2执行一次 3放弃执行）',
                         concurrent          char(1)       default '1'                comment '是否并发执行（0允许 1禁止）',
                         status              char(1)       default '0'                comment '状态（0正常 1暂停）',
                         create_by           varchar(64)   default ''                 comment '创建者',
                         create_time         datetime                                 comment '创建时间',
                         update_by           varchar(64)   default ''                 comment '更新者',
                         update_time         datetime                                 comment '更新时间',
                         remark              varchar(500)  default ''                 comment '备注信息',
                         primary key (job_id, job_name, job_group)
) engine=innodb auto_increment=100 comment = '定时任务调度表';

insert into sys_job values(1, '系统默认（无参）', 'DEFAULT', 'ryTask.ryNoParams',        '0/10 * * * * ?', '3', '1', '1', 'admin', sysdate(), '', null, '');
insert into sys_job values(2, '系统默认（有参）', 'DEFAULT', 'ryTask.ryParams(\'ry\')',  '0/15 * * * * ?', '3', '1', '1', 'admin', sysdate(), '', null, '');
insert into sys_job values(3, '系统默认（多参）', 'DEFAULT', 'ryTask.ryMultipleParams(\'ry\', true, 2000L, 316.50D, 100)',  '0/20 * * * * ?', '3', '1', '1', 'admin', sysdate(), '', null, '');


-- ----------------------------
-- 17、定时任务调度日志表
-- ----------------------------
drop table if exists sys_job_log;
create table sys_job_log (
                             job_log_id          bigint(20)     not null auto_increment    comment '任务日志ID',
                             job_name            varchar(64)    not null                   comment '任务名称',
                             job_group           varchar(64)    not null                   comment '任务组名',
                             invoke_target       varchar(500)   not null                   comment '调用目标字符串',
                             job_message         varchar(500)                              comment '日志信息',
                             status              char(1)        default '0'                comment '执行状态（0正常 1失败）',
                             exception_info      varchar(2000)  default ''                 comment '异常信息',
                             create_time         datetime                                  comment '创建时间',
                             primary key (job_log_id)
) engine=innodb comment = '定时任务调度日志表';


-- ----------------------------
-- 18、通知公告表
-- ----------------------------
drop table if exists sys_notice;
create table sys_notice (
                            notice_id         int(4)          not null auto_increment    comment '公告ID',
                            notice_title      varchar(50)     not null                   comment '公告标题',
                            notice_type       char(1)         not null                   comment '公告类型（1通知 2公告）',
                            notice_content    longblob        default null               comment '公告内容',
                            status            char(1)         default '0'                comment '公告状态（0正常 1关闭）',
                            create_by         varchar(64)     default ''                 comment '创建者',
                            create_time       datetime                                   comment '创建时间',
                            update_by         varchar(64)     default ''                 comment '更新者',
                            update_time       datetime                                   comment '更新时间',
                            remark            varchar(255)    default null               comment '备注',
                            primary key (notice_id)
) engine=innodb auto_increment=10 comment = '通知公告表';

-- ----------------------------
-- 初始化-公告信息表数据
-- ----------------------------
insert into sys_notice values('1', '温馨提醒：2018-07-01 若依新版本发布啦', '2', '新版本内容', '0', 'admin', sysdate(), '', null, '管理员');
insert into sys_notice values('2', '维护通知：2018-07-01 若依系统凌晨维护', '1', '维护内容',   '0', 'admin', sysdate(), '', null, '管理员');
insert into sys_notice values('3', '若依开源框架介绍', '1', '<p><span style=\"color: rgb(230, 0, 0);\">项目介绍</span></p><p><font color=\"#333333\">RuoYi开源项目是为企业用户定制的后台脚手架框架，为企业打造的一站式解决方案，降低企业开发成本，提升开发效率。主要包括用户管理、角色管理、部门管理、菜单管理、参数管理、字典管理、</font><span style=\"color: rgb(51, 51, 51);\">岗位管理</span><span style=\"color: rgb(51, 51, 51);\">、定时任务</span><span style=\"color: rgb(51, 51, 51);\">、</span><span style=\"color: rgb(51, 51, 51);\">服务监控、登录日志、操作日志、代码生成等功能。其中，还支持多数据源、数据权限、国际化、Redis缓存、Docker部署、滑动验证码、第三方认证登录、分布式事务、</span><font color=\"#333333\">分布式文件存储</font><span style=\"color: rgb(51, 51, 51);\">、分库分表处理等技术特点。</span></p><p><img src=\"https://foruda.gitee.com/images/1705030583977401651/5ed5db6a_1151004.png\" style=\"width: 64px;\"><br></p><p><span style=\"color: rgb(230, 0, 0);\">官网及演示</span></p><p><span style=\"color: rgb(51, 51, 51);\">若依官网地址：&nbsp;</span><a href=\"http://ruoyi.vip\" target=\"_blank\">http://ruoyi.vip</a><a href=\"http://ruoyi.vip\" target=\"_blank\"></a></p><p><span style=\"color: rgb(51, 51, 51);\">若依文档地址：&nbsp;</span><a href=\"http://doc.ruoyi.vip\" target=\"_blank\">http://doc.ruoyi.vip</a><br></p><p><span style=\"color: rgb(51, 51, 51);\">演示地址【不分离版】：&nbsp;</span><a href=\"http://demo.ruoyi.vip\" target=\"_blank\">http://demo.ruoyi.vip</a></p><p><span style=\"color: rgb(51, 51, 51);\">演示地址【分离版本】：&nbsp;</span><a href=\"http://vue.ruoyi.vip\" target=\"_blank\">http://vue.ruoyi.vip</a></p><p><span style=\"color: rgb(51, 51, 51);\">演示地址【微服务版】：&nbsp;</span><a href=\"http://cloud.ruoyi.vip\" target=\"_blank\">http://cloud.ruoyi.vip</a></p><p><span style=\"color: rgb(51, 51, 51);\">演示地址【移动端版】：&nbsp;</span><a href=\"http://h5.ruoyi.vip\" target=\"_blank\">http://h5.ruoyi.vip</a></p><p><br style=\"color: rgb(48, 49, 51); font-family: &quot;Helvetica Neue&quot;, Helvetica, Arial, sans-serif; font-size: 12px;\"></p>', '0', 'admin', sysdate(), '', null, '管理员');


-- ----------------------------
-- 19、代码生成业务表
-- ----------------------------
drop table if exists gen_table;
create table gen_table (
                           table_id             bigint(20)      not null auto_increment    comment '编号',
                           table_name           varchar(200)    default ''                 comment '表名称',
                           table_comment        varchar(500)    default ''                 comment '表描述',
                           sub_table_name       varchar(64)     default null               comment '关联子表的表名',
                           sub_table_fk_name    varchar(64)     default null               comment '子表关联的外键名',
                           class_name           varchar(100)    default ''                 comment '实体类名称',
                           tpl_category         varchar(200)    default 'crud'             comment '使用的模板（crud单表操作 tree树表操作 sub主子表操作）',
                           package_name         varchar(100)                               comment '生成包路径',
                           module_name          varchar(30)                                comment '生成模块名',
                           business_name        varchar(30)                                comment '生成业务名',
                           function_name        varchar(50)                                comment '生成功能名',
                           function_author      varchar(50)                                comment '生成功能作者',
                           gen_type             char(1)         default '0'                comment '生成代码方式（0zip压缩包 1自定义路径）',
                           gen_path             varchar(200)    default '/'                comment '生成路径（不填默认项目路径）',
                           options              varchar(1000)                              comment '其它生成选项',
                           create_by            varchar(64)     default ''                 comment '创建者',
                           create_time 	       datetime                                   comment '创建时间',
                           update_by            varchar(64)     default ''                 comment '更新者',
                           update_time          datetime                                   comment '更新时间',
                           remark               varchar(500)    default null               comment '备注',
                           primary key (table_id)
) engine=innodb auto_increment=1 comment = '代码生成业务表';


-- ----------------------------
-- 20、代码生成业务表字段
-- ----------------------------
drop table if exists gen_table_column;
create table gen_table_column (
                                  column_id         bigint(20)      not null auto_increment    comment '编号',
                                  table_id          bigint(20)                                 comment '归属表编号',
                                  column_name       varchar(200)                               comment '列名称',
                                  column_comment    varchar(500)                               comment '列描述',
                                  column_type       varchar(100)                               comment '列类型',
                                  java_type         varchar(500)                               comment 'JAVA类型',
                                  java_field        varchar(200)                               comment 'JAVA字段名',
                                  is_pk             char(1)                                    comment '是否主键（1是）',
                                  is_increment      char(1)                                    comment '是否自增（1是）',
                                  is_required       char(1)                                    comment '是否必填（1是）',
                                  is_insert         char(1)                                    comment '是否为插入字段（1是）',
                                  is_edit           char(1)                                    comment '是否编辑字段（1是）',
                                  is_list           char(1)                                    comment '是否列表字段（1是）',
                                  is_query          char(1)                                    comment '是否查询字段（1是）',
                                  query_type        varchar(200)    default 'EQ'               comment '查询方式（等于、不等于、大于、小于、范围）',
                                  html_type         varchar(200)                               comment '显示类型（文本框、文本域、下拉框、复选框、单选框、日期控件）',
                                  dict_type         varchar(200)    default ''                 comment '字典类型',
                                  sort              int                                        comment '排序',
                                  create_by         varchar(64)     default ''                 comment '创建者',
                                  create_time 	    datetime                                   comment '创建时间',
                                  update_by         varchar(64)     default ''                 comment '更新者',
                                  update_time       datetime                                   comment '更新时间',
                                  primary key (column_id)
) engine=innodb auto_increment=1 comment = '代码生成业务表字段';